{"epoch": 0, "train_loss": 1.3681997099093028, "val_loss": 0.03329877555370331, "epoch_time": 143.0109365649987, "eval_time": 0.9803929449990392, "time_per_step": 0.5837181084285661, "train_steps": 245, "val_steps": 5, "samples_per_sec_per_gpu": 1.71315569203791, "samples_per_sec_global": 13.70524553630328, "peak_mem_gb_rank0": 27.698257446289062}
{"epoch": 1, "train_loss": 0.07741451588820437, "val_loss": 0.04245788529515267, "epoch_time": 135.8120225709863, "eval_time": 0.8122902410104871, "time_per_step": 0.5543347860040257, "train_steps": 245, "val_steps": 5, "samples_per_sec_per_gpu": 1.8039640037901892, "samples_per_sec_global": 14.431712030321513, "peak_mem_gb_rank0": 27.698257446289062}
{"epoch": 2, "train_loss": 0.05605991801285014, "val_loss": 0.0989293709397316, "epoch_time": 136.5814094550442, "eval_time": 0.8139964500442147, "time_per_step": 0.5574751406328334, "train_steps": 245, "val_steps": 5, "samples_per_sec_per_gpu": 1.7938019601462805, "samples_per_sec_global": 14.350415681170244, "peak_mem_gb_rank0": 27.69819736480713}
{"epoch": 3, "train_loss": 0.04633941254293432, "val_loss": 0.07700016051530838, "epoch_time": 136.08894141204655, "eval_time": 0.8075939021073282, "time_per_step": 0.5554650669879451, "train_steps": 245, "val_steps": 5, "samples_per_sec_per_gpu": 1.8002932307203081, "samples_per_sec_global": 14.402345845762465, "peak_mem_gb_rank0": 27.698137760162354}
{"epoch": 4, "train_loss": 0.03727904538795048, "val_loss": 0.009786013793200255, "epoch_time": 137.14842564309947, "eval_time": 0.8151325380895287, "time_per_step": 0.5597894924208142, "train_steps": 245, "val_steps": 5, "samples_per_sec_per_gpu": 1.78638579955385, "samples_per_sec_global": 14.2910863964308, "peak_mem_gb_rank0": 27.698257446289062}
